"","two_pp","thr_pp","mis_p","tov_p","b_tov_p","tot_p"
"1",0.269677861180046,0.108779724312142,0.47914798402713,0.181619687622919,0.178060554585455,1.03922525714224
